Country,Date,Round,Coordinates,Region
Chile,2021-06-01,1,"-28.744575206710671,-70.7767012218138",Atacama
Austria,2021-06-01,2,"47.229933315076451,12.050395177344379",Tirol
"United Arab Emirates",2021-06-01,3,"25.148743076168611,55.881564448284188",Sharjah
Bolivia,2021-06-01,4,"-18.0708874,-64.4221096","Departamento de Santa Cruz"
Norway,2021-06-01,5,"61.958975346833412,5.9449716925184912",Vestland
Argentina,2021-06-02,1,"-26.501086901823118,-61.195955779995963",Chaco
Malaysia,2021-06-02,2,"4.5670210289680684,103.39843905581959",Terengganu
Malaysia,2021-06-02,3,"4.2211136944975731,101.7971900372895",Pahang
Latvia,2021-06-02,4,"56.4684326,22.888057339313509","Dobeles novads"
Iceland,2021-06-02,5,"64.1749516,-21.6764423",Mosfellsbær
Botswana,2021-06-03,1,"-19.949232,23.4795039","North-West District"
Türkiye,2021-06-03,2,"38.086576553930321,31.372487400123529",Isparta
Israel,2021-06-03,3,"31.379294862159242,35.383907807452687","South District"
Indonesia,2021-06-03,4,"-6.9009654838434109,112.1184395175556","Jawa Timur"
"United States",2021-06-03,5,"37.811469559530607,-122.4837735078906",California
"Isle of Man",2021-06-04,1,"54.16799087359793,-4.5085236131228363",Braddan
Colombia,2021-06-04,2,"6.8309563,-72.697631",Santander
Kenya,2021-06-04,3,"-1.3679788609651931,38.013287559842453","Kitui County"
"United Kingdom",2021-06-04,4,"51.985785084957413,-0.23198880637764629",Hertfordshire
Thailand,2021-06-04,5,"17.742254394552059,100.678368703897",Uttaradit
"United States",2021-06-05,1,"19.13398326066325,-155.5052268407394",Hawaii
Botswana,2021-06-05,2,"-18.741246683820151,22.166352262450449","North-West District"
Albania,2021-06-05,3,"40.425880497624213,20.67620005513464","Qarku i Korçës"
Botswana,2021-06-05,4,"-24.37237855198569,23.543509856575049","Southern District"
Indonesia,2021-06-05,5,"-6.5940367357404668,106.2249496754755",Banten
Ukraine,2021-06-06,1,"50.0885966,36.3122109","Kharkivs'ka oblast"
Finland,2021-06-06,2,"63.0592090469673,25.577453418759109",Keski-Suomi
Mongolia,2021-06-06,3,"49.156980211237411,104.74839261557",Selenge
Uruguay,2021-06-06,4,"-33.477497992855831,-55.149508019022292","Departamento de Lavalleja"
Slovakia,2021-06-06,5,"48.1463363,17.1070555","Bratislavský kraj"
Portugal,2021-06-07,1,"38.645448955341777,-8.7769365359028182",Setúbal
"New Zealand",2021-06-07,2,"-45.614883800839493,167.69852489931421","Southland Region"
Czechia,2021-06-07,3,"48.731942905875293,14.442991048599261","Jihočeský kraj"
"United Arab Emirates",2021-06-07,4,"25.19721179020317,55.272623953583143",Dubai
Canada,2021-06-07,5,"42.909308080561367,-79.346233595086289",Ontario
Egypt,2021-06-08,1,"29.9766377358675,31.135884995653409","Giza Governorate"
Indonesia,2021-06-08,2,"-6.8057163161295051,111.97721437398749","Jawa Timur"
Ukraine,2021-06-08,3,"51.122981,35.0339612","Sums'ka oblast"
"United States",2021-06-08,4,"37.767011645281237,-122.41434845695071",California
Mongolia,2021-06-08,5,"49.025683680656329,104.0387566581753",Orkhon
Ecuador,2021-06-09,1,"-0.96549613301440784,-91.013530932461137","Galápagos Province"
Finland,2021-06-09,2,"63.136973397592371,27.111488081842069",Pohjois-Savo
Lithuania,2021-06-09,3,"55.708427724937508,21.133949261668349","Klaipėdos apskritis"
Lithuania,2021-06-09,4,"54.155315509664121,25.65420286513536","Vilniaus apskritis"
"United Arab Emirates",2021-06-09,5,"25.19629681132761,55.275570678088492",Dubai
India,2021-06-10,1,"26.456422137804228,74.62841628791773",Rajasthan
Switzerland,2021-06-10,2,"47.758844792559152,8.65154577678766",Schaffhausen
Chile,2021-06-10,3,"-41.907318251743789,-73.760896457813331","Los Lagos"
Senegal,2021-06-10,4,"13.7768462,-13.6591798","Tambacounda Region"
Peru,2021-06-10,5,"-12.12823678315895,-76.443220546481726","Gobierno Regional de Lima"
Serbia,2021-06-11,1,"43.896297525916353,22.2315976498084","Zaječarski okrug"
"New Zealand",2021-06-11,2,"-46.589799669508473,168.3070113149771","Southland Region"
Uruguay,2021-06-11,3,"-31.7410204,-55.9822258","Departamento de Tacuarembó"
Croatia,2021-06-11,4,"44.550709930311839,15.96097152081018","Ličko-senjska županija"
Argentina,2021-06-11,5,"-30.73829326750657,-58.015150009573212","Entre Ríos"
Peru,2021-06-12,1,"-16.473917022725171,-71.948438487503054",Arequipa
Mongolia,2021-06-12,2,"49.025683680656329,104.0387566581753",Orkhon
Taiwan,2021-06-12,3,"24.681877304610321,121.3794463952409","Taoyuan City"
Hungary,2021-06-12,4,"46.9691169,21.5949295","Békés County"
Philippines,2021-06-12,5,"8.202386562386776,123.2483348226037","Zamboanga del Sur"
Senegal,2021-06-13,1,"16.2417095970098,-14.11539346388116","Saint-Louis Region"
Türkiye,2021-06-13,2,"38.963903069387868,37.893630634778809",Malatya
Brazil,2021-06-13,3,"-16.4207033,-44.7287821","Minas Gerais"
Slovakia,2021-06-13,4,"49.2364370262325,21.278406572758261","Prešovský kraj"
Mexico,2021-06-13,5,"31.86177650542524,-112.88323234535591",Sonora
Norway,2021-06-14,1,"60.887808709372408,5.2872740071217947",Vestland
"United States",2021-06-14,2,"38.8426288788962,-91.964973105474684",Missouri
Russia,2021-06-14,3,"54.996408357108322,60.084074280583422","Chelyabinskaya oblast'"
Latvia,2021-06-14,4,"56.880523845639352,23.96382883382158","Mārupes novads"
Denmark,2021-06-14,5,"56.404686,10.3588284","Central Denmark Region"
Indonesia,2021-06-15,1,"-7.3577464759497406,106.6218495620527","Jawa Barat"
Ecuador,2021-06-15,2,"-2.514707347772315,-79.578065122730635",Guayas
Slovakia,2021-06-15,3,"48.512861452157154,19.91529180614728","Banskobystrický kraj"
Mexico,2021-06-15,4,"20.742375460742171,-102.5354194339841",Jalisco
Philippines,2021-06-15,5,"14.43753898779657,120.8886532897213",Cavite
India,2021-06-16,1,"15.392479918772111,73.8797055054259",Goa
Finland,2021-06-16,2,"62.259659242431233,24.45137238788482",Keski-Suomi
Argentina,2021-06-16,3,"-32.6376992396553,-69.975830377005309",Mendoza
Latvia,2021-06-16,4,"57.868029596757673,24.3599688039909","Limbažu novads"
Kenya,2021-06-16,5,"0.1067977876303975,37.607912104618592",Eastern
Canada,2021-06-17,1,"47.891440210882287,-55.8439844420237","Newfoundland and Labrador"
Russia,2021-06-17,2,"55.765176262911737,48.195541771069",Chuvashia
Australia,2021-06-17,3,"-34.048232862630407,117.61414214593511","Western Australia"
"Isle of Man",2021-06-17,4,"54.15250329324676,-4.5413965485095869",Braddan
Türkiye,2021-06-17,5,"40.159240728072511,34.6334503133008",Çorum
Taiwan,2021-06-18,1,"24.519696718818569,120.94011978941759","Miaoli County"
France,2021-06-18,2,"45.744596,-0.6263932",Nouvelle-Aquitaine
Mongolia,2021-06-18,3,"47.919905914169313,106.9089586644827",Ulaanbaatar
Philippines,2021-06-18,4,"14.589491580425429,120.97495430520109","Metropolitan Manila First District"
Canada,2021-06-18,5,"51.298762644601688,-106.0390070717901",Saskatchewan
"New Zealand",2021-06-19,1,"-39.064938489327993,174.02154713189191","Taranaki Region"
"United States",2021-06-19,2,"37.812196718459887,-122.4192045555167",California
Argentina,2021-06-19,3,"-33.432348973874838,-66.905053311034138","San Luis"
Bulgaria,2021-06-19,4,"42.021120481332879,23.100934250453971",Blagoevgrad
"South Africa",2021-06-19,5,"-30.76526540027039,30.344366620804522",KwaZulu-Natal
Taiwan,2021-06-20,1,"23.553548878602381,119.5777178140018","Penghu County"
Ukraine,2021-06-20,2,"49.689835244193027,28.656292502612629","Vinnyts'ka oblast"
Belgium,2021-06-20,3,"50.823406991551067,4.3726646945449792",Bruxelles
Brazil,2021-06-20,4,"-28.165063711740839,-48.979107577957294","Santa Catarina"
Hungary,2021-06-20,5,"47.335160825195729,17.481925767676511",Veszprém
"United States",2021-06-21,1,"40.704626342636843,-73.993405914977217","New York"
France,2021-06-21,2,"48.886138827765407,2.3429519599917752",Île-de-France
Spain,2021-06-21,3,"43.397938338422613,-4.5349217474525858",Asturias
Bangladesh,2021-06-21,4,"24.72532695670477,90.4280458914784","Mymensingh Division"
Japan,2021-06-21,5,"43.11313035844573,144.12138783562929",Hokkaido
Senegal,2021-06-22,1,"14.4353002391165,-16.866330331029911","Thiès Region"
Mexico,2021-06-22,2,"20.219686895837651,-89.3064563705007",Yucatán
India,2021-06-22,3,"15.392479918772111,73.8797055054259",Goa
"United States",2021-06-22,4,"40.697535497923582,-74.050241087653745","New Jersey"
Estonia,2021-06-22,5,"58.1808661,22.1949391","Saare maakond"
Australia,2021-06-23,1,"-31.55039577688094,147.1727618126792","New South Wales"
Peru,2021-06-23,2,"-13.407383877905,-75.38256855199117",Huancavelica
"New Zealand",2021-06-23,3,"-46.579605089806442,168.3049265219592","Southland Region"
Switzerland,2021-06-23,4,"47.267863058959954,8.8322704598717738",Zürich
Malaysia,2021-06-23,5,"3.4951088511128829,103.3896299164289",Pahang
Bangladesh,2021-06-24,1,"23.22668959956783,90.019874648733008","Dhaka Division"
Mexico,2021-06-24,2,"18.227200387581579,-103.12762678111621",Michoacán
Chile,2021-06-24,3,"-38.7669948,-72.8494387",Araucania
Hungary,2021-06-24,4,"47.517295148138793,19.158804346495081",Budapest
Colombia,2021-06-24,5,"4.2651054,-74.5523238",Tolima
Croatia,2021-06-25,1,"44.1905834,15.8867092","Zadarska županija"
Bulgaria,2021-06-25,2,"43.2012046082038,27.910799071614111",Varna
Mongolia,2021-06-25,3,"48.010803144324278,91.642411613679371",Khovd
Canada,2021-06-25,4,"50.540790743738583,-100.51259275447291",Manitoba
Iceland,2021-06-25,5,"64.361640029377,-21.81378884811993",Hvalfjarðarsveit
Germany,2021-06-26,1,"52.428298266862967,13.712738418046831",Berlin
Taiwan,2021-06-26,2,"23.2917572,121.2835359","Hualien County"
Argentina,2021-06-26,3,"-39.315029957971973,-62.60918809834795","Provincia de Buenos Aires"
Argentina,2021-06-26,4,"-35.66502249972725,-59.742633474794758","Provincia de Buenos Aires"
"Isle of Man",2021-06-26,5,"54.148619685432983,-4.5081138143579613",Douglas
Japan,2021-06-27,1,"34.759715644091173,133.32182490848129",Hiroshima
Mexico,2021-06-27,2,"18.44666771063579,-96.36102818627397",Veracruz
Peru,2021-06-27,3,"-11.7019895,-75.759624",Junín
Sweden,2021-06-27,4,"63.720460990223572,18.4986184234401","Västernorrlands län"
Bolivia,2021-06-27,5,"-18.418702,-66.5839988","Departamento de Potosi"
Malaysia,2021-06-28,1,"3.6172948044833628,103.37589914346211",Pahang
Poland,2021-06-28,2,"52.144491424301243,19.824618502920831","Województwo łódzkie"
Mexico,2021-06-28,3,"22.683788740942411,-98.326682652980637",Tamaulipas
Ukraine,2021-06-28,4,"51.60093268642354,26.565106295490668","Rivnens'ka oblast"
Ireland,2021-06-28,5,"52.41818896043317,-7.2439241581611276","County Kilkenny"
Czechia,2021-06-29,1,"49.2190247,13.8877102","Jihočeský kraj"
Ecuador,2021-06-29,2,"-2.0083128155953229,-79.6149223163485",Guayas
Colombia,2021-06-29,3,"6.952041305783581,-73.772175195417788",Santander
Taiwan,2021-06-29,4,"24.352161725378831,121.3098278794251","Taichung City"
"South Africa",2021-06-29,5,"-30.789146467009,28.54535273306956","Eastern Cape"
Lithuania,2021-06-30,1,"55.6946191897751,25.323617886246389","Utenos apskritis"
Peru,2021-06-30,2,"-7.15709325811242,-79.440505028491089","La Libertad"
Mongolia,2021-06-30,3,"47.919065479547278,106.917015252195",Ulaanbaatar
Belgium,2021-06-30,4,"51.048291,3.7186922",Vlaanderen
Belgium,2021-06-30,5,"51.048291,3.7186922",Vlaanderen
Kenya,2021-07-01,1,"0.018831473574719409,37.083235408017792","Laikipia County"
Bolivia,2021-07-01,2,"-20.8124853163467,-63.345703846952958","Departamento de Chuquisaca"
Iceland,2021-07-01,3,"66.069735595417825,-23.125534079861868",Ísafjarðarbær
Israel,2021-07-01,4,"33.047987848602823,35.101189668520533","North District"
Slovenia,2021-07-01,5,"46.080942702529171,14.524306098637741",Ljubljana
Türkiye,2021-07-02,1,"39.923441192164248,33.235428706966523",Ankara
Chile,2021-07-02,2,"-34.652934068318977,-70.942462760986913",O'Higgins
Lithuania,2021-07-02,3,"54.533892775384729,25.29584775919313","Vilniaus apskritis"
Malaysia,2021-07-02,4,"3.4951088511128829,103.3896299164289",Pahang
Israel,2021-07-02,5,"33.092370136892562,35.105462493784273","North District"
Bolivia,2021-07-03,1,"-16.396368,-68.1740569","Departamento de La Paz"
Türkiye,2021-07-03,2,"38.257452467887568,36.915820765942009",Kahramanmaraş
Mexico,2021-07-03,3,"25.360271350965249,-97.876629233766025",Tamaulipas
Botswana,2021-07-03,4,"-24.700189244797411,23.50664688154875","Southern District"
Ireland,2021-07-03,5,"52.944548456346944,-9.1445963719922716","County Clare"
Bolivia,2021-07-04,1,"-16.396368,-68.1740569","Departamento de La Paz"
Hungary,2021-07-04,2,"46.843321228188941,17.116639312934112","Zala County"
Italy,2021-07-04,3,"46.2738765,11.1900077","Trentino-Alto Adige"
Argentina,2021-07-04,4,"-34.861210636185668,-67.8135032512767",Mendoza
Indonesia,2021-07-04,5,"-6.1361086464769192,106.299361521404",Banten
Colombia,2021-07-05,1,"9.7497100776218986,-74.859080581771",Bolívar
Chile,2021-07-05,2,"-32.505485481469918,-71.44649751558282",Valparaíso
"United States",2021-07-05,3,"33.645429213443357,-84.443325130154221",Georgia
Kenya,2021-07-05,4,"2.3323389669487922,37.990054269097307","Marsabit County"
Türkiye,2021-07-05,5,"38.608530080646773,27.362483357167459",Manisa
Brazil,2021-07-06,1,"-31.86849175776409,-54.165200207454369","Rio Grande do Sul"
Germany,2021-07-06,2,"51.515765013109487,7.4649678023570711",Nordrhein-Westfalen
Belgium,2021-07-06,3,"50.8443105,4.350847",Bruxelles
Denmark,2021-07-06,4,"57.588083532906047,10.269063082649449","North Denmark Region"
Australia,2021-07-06,5,"-20.2645806,148.716137",Queensland
Colombia,2021-07-07,1,"10.605030725484429,-72.982249042791736","La Guajira"
France,2021-07-07,2,"48.8940241996871,2.351471122836561",Île-de-France
France,2021-07-07,3,"48.831915931397582,2.299825427219901",Île-de-France
Italy,2021-07-07,4,"40.791702104180388,8.35680254049431",Sardegna
Ukraine,2021-07-07,5,"48.894300185165967,36.315862001359321","Kharkivs'ka oblast"
Türkiye,2021-07-08,1,"36.328745374964512,29.332585226476279",Antalya
Indonesia,2021-07-08,2,"-6.869247524505246,109.1282779728529","Jawa Tengah"
Albania,2021-07-08,3,"40.701443398560563,19.961584676141769","Qarku i Beratit"
Indonesia,2021-07-08,4,"-7.9263509,112.966708","Jawa Timur"
Mexico,2021-07-08,5,"25.898881418454451,-98.761275991509","Nuevo León"
Lithuania,2021-07-09,1,"56.157000045215177,23.6438439487085","Šiaulių apskritis"
Ukraine,2021-07-09,2,"50.067776388446688,36.202696970155692","Kharkivs'ka oblast"
Denmark,2021-07-09,3,"55.070281544705189,14.91901251276987","Capital Region of Denmark"
India,2021-07-09,4,"26.28076660800129,73.046526749197483",Rajasthan
"United States",2021-07-09,5,"37.82844113835926,-122.47952770140949",California
Russia,2021-07-10,1,"58.924225021676889,28.352356600539089","Leningradskaya oblast'"
Czechia,2021-07-10,2,"49.213232079744273,16.59363160745583","Jihomoravský kraj"
"New Zealand",2021-07-10,3,"-41.28225018442641,174.71560101128361","Wellington Region"
Brazil,2021-07-10,4,"-15.79448313522408,-39.257814945031413",Bahia
Philippines,2021-07-10,5,"9.951269119262296,123.9623555728906",Bohol
Belgium,2021-07-11,1,"51.220549869624392,4.39985732402554",Vlaanderen
Mongolia,2021-07-11,2,"47.919290066772668,106.9175455049273",Ulaanbaatar
"New Zealand",2021-07-11,3,"-43.215244690932813,170.3763929956435","West Coast Region"
Israel,2021-07-11,4,"32.106164250838908,34.813327671839367","Tel Aviv District"
Mexico,2021-07-11,5,"21.976872008932759,-101.29223640975781","San Luis Potosí"
Colombia,2021-07-12,1,"6.1519519226058517,-75.655668412328978",Antioquia
Israel,2021-07-12,2,"32.5117708,34.8970381","Haifa District"
Slovenia,2021-07-12,3,"45.5463484534003,13.730520893942041",Koper
Netherlands,2021-07-12,4,"52.518897821937337,5.4398307241834507",Flevoland
"New Zealand",2021-07-12,5,"-45.873975070228973,170.50415837913019","Otago Region"
Ecuador,2021-07-13,1,"-2.508800898817805,-79.498083264798709",Cañar
Greenland,2021-07-13,2,"69.227144163029521,-51.0951336497379",Avannaata
Türkiye,2021-07-13,3,"37.749343570431279,29.09070621181711",Denizli
Malaysia,2021-07-13,4,"5.4686128,100.2778138","Pulau Pinang"
Finland,2021-07-13,5,"61.9875811761143,28.93552508764995",Etelä-Savo
Lithuania,2021-07-14,1,"55.781555186141929,25.761689298109228","Utenos apskritis"
"New Zealand",2021-07-14,2,"-44.699986750817033,170.80982563964241","Canterbury Region"
Latvia,2021-07-14,3,"56.566997444339549,21.008884463999269","City of Liepāja"
Sweden,2021-07-14,4,"56.1387099,13.3938115","Skåne län"
Bolivia,2021-07-14,5,"-16.59864991982808,-68.897349190628887","Departamento de La Paz"
Estonia,2021-07-15,1,"59.118212455790257,24.31265018053557","Harju maakond"
Uruguay,2021-07-15,2,"-33.477497992855831,-55.149508019022292","Departamento de Lavalleja"
Brazil,2021-07-15,3,"-27.58857702548022,-50.363975489966172","Santa Catarina"
Thailand,2021-07-15,4,"17.1932592,98.3276712","Chang Wat Tak"
"United Arab Emirates",2021-07-15,5,"25.148743076168611,55.881564448284188",Sharjah
Bolivia,2021-07-16,1,"-16.203530049814869,-68.83279854085815","Departamento de La Paz"
"United Arab Emirates",2021-07-16,2,"24.17505961705622,55.739032721765447","Abu Dhabi"
Sweden,2021-07-16,3,"60.100415706055948,16.542706250904921","Västmanlands län"
Slovakia,2021-07-16,4,"49.399940827294436,20.341197876931751","Prešovský kraj"
Argentina,2021-07-16,5,"-28.236554728888549,-65.637079484847973",Catamarca
Croatia,2021-07-17,1,"44.047216495264692,15.31081186120962","Zadarska županija"
Israel,2021-07-17,2,"30.801527246514439,35.246023776871361","South District"
Norway,2021-07-17,3,"58.810528474679629,6.7660831484205843",Agder
Thailand,2021-07-17,4,"14.892757796770351,102.4203855035211","Nakhon Ratchasima"
Ecuador,2021-07-17,5,"-2.2010056597306051,-80.9773162142263","Santa Elena"
"United Arab Emirates",2021-07-18,1,"25.319511776145109,55.50777826567527",Sharjah
Argentina,2021-07-18,2,"-38.062331579151532,-60.164380519408972","Provincia de Buenos Aires"
Iceland,2021-07-18,3,"63.939744714998689,-21.005290379383862","Sveitarfélagið Árborg"
Ukraine,2021-07-18,4,"48.056414865837652,34.929365251561137","Zaporiz'ka oblast"
Lithuania,2021-07-18,5,"54.15197734318653,25.614064236554771","Vilniaus apskritis"
Romania,2021-07-19,1,"46.0886332,22.0250504","Județul Arad"
"United States",2021-07-19,2,"31.47419364151385,-106.1542356046631",Texas
India,2021-07-19,3,"32.80494595666201,75.318610349535732","Jammu and Kashmir"
Colombia,2021-07-19,4,"4.83251218704296,-75.573600065300511",Risaralda
"Isle of Man",2021-07-19,5,"54.325646726643,-4.4013929795687838",Ramsey
Belgium,2021-07-20,1,"50.499766944805472,3.5153368550119559","Région wallonne"
Bolivia,2021-07-20,2,"-16.77293040770429,-68.182158910549617","Departamento de La Paz"
Belgium,2021-07-20,3,"50.408446263683871,4.4438469453645588","Région wallonne"
India,2021-07-20,4,"25.431549217069811,81.771515412061888","Uttar Pradesh"
Slovenia,2021-07-20,5,"46.080942702529171,14.524306098637741",Ljubljana
Peru,2021-07-21,1,"-7.527011992241051,-78.147924541284212",Cajamarca
Sweden,2021-07-21,2,"59.891065272771272,12.30621438526302","Värmlands län"
Türkiye,2021-07-21,3,"37.686037671506988,38.04396662194501",Adıyaman
Sweden,2021-07-21,4,"57.458954608587362,12.174032597322441","Hallands län"
Australia,2021-07-21,5,"-35.196346769444077,150.4412034563353","New South Wales"
Croatia,2021-07-22,1,"45.084167312595682,14.44267635369072","Primorsko-goranska županija"
Russia,2021-07-22,2,"59.93975435266,30.31530950910787",Sankt-Peterburg
"United Arab Emirates",2021-07-22,3,"25.5254969,55.5571451","Emirate of Umm Al Quwain"
Mexico,2021-07-22,4,"21.1610664,-86.8255459","Quintana Roo"
Kenya,2021-07-22,5,"-0.2041481,35.2932638","Kisumu County"
Kenya,2021-07-23,1,"-1.2847212966094359,36.820579747002107","Nairobi County"
Ukraine,2021-07-23,2,"48.2490953,28.292407","Vinnyts'ka oblast"
Mexico,2021-07-23,3,"26.3295738340347,-111.54573878018979","Baja California Sur"
Estonia,2021-07-23,4,"58.254580586768427,22.55489834255005","Saare maakond"
Kenya,2021-07-23,5,"-1.366654772462258,38.01070036255836","Kitui County"
Romania,2021-07-24,1,"45.865429561797413,24.161810602959289","Județul Sibiu"
Germany,2021-07-24,2,"48.24029246656653,11.509253646562639",Bayern
Norway,2021-07-24,3,"68.530106812896776,16.111597814332821",Nordland
Chile,2021-07-24,4,"-52.664230317107418,-71.111561303156563","Magallanes y la Antártica Chilena"
Japan,2021-07-24,5,"40.450023472844137,141.68100405358379",Aomori
Mexico,2021-07-25,1,"26.64152282130738,-109.21355406246769",Sonora
Sweden,2021-07-25,2,"56.955257890458732,16.787376188254441","Kalmar län"
Slovenia,2021-07-25,3,"45.569549882877077,14.9448511919119",Kočevje
Indonesia,2021-07-25,4,"-6.8693434571534446,109.1286275765752","Jawa Tengah"
Kenya,2021-07-25,5,"0.2156305069882119,37.456438543899253","Meru County"
Germany,2021-07-26,1,"53.446598724519951,10.22012090728926",Hamburg
Netherlands,2021-07-26,2,"52.7199810545729,5.2763461010443109",Noord-Holland
India,2021-07-26,3,"22.648773274956291,88.3764222039116","West Bengal"
Greece,2021-07-26,4,"39.639842467378109,20.155563193887151",Epirus
Bolivia,2021-07-26,5,"-21.25602328709493,-63.45596936000922","Departamento de Tarija"
Ireland,2021-07-27,1,"54.13908920383318,-9.7161361823677712","County Mayo"
Latvia,2021-07-27,2,"57.0362331,22.7691347","Tukuma novads"
Philippines,2021-07-27,3,"14.579309457466341,120.9748339759133","Metropolitan Manila First District"
Chile,2021-07-27,4,"-36.321386667769673,-72.527473646636651",Ñuble
Chile,2021-07-27,5,"-34.657004623109913,-70.992649463264584",O'Higgins
Türkiye,2021-07-28,1,"38.741123458844768,39.914276395497417",Elazığ
Peru,2021-07-28,2,"-16.0035196,-74.0235712",Arequipa
Spain,2021-07-28,3,"36.500700120189343,-6.2623954930254158",Andalucía
Denmark,2021-07-28,4,"56.387542923866128,8.7916018980067889","Central Denmark Region"
"South Korea",2021-07-28,5,"35.570012738157679,129.22776658689881",Ulsan
Philippines,2021-07-29,1,"15.8171513082246,120.7292451164285","Nueva Ecija"
Latvia,2021-07-29,2,"56.604026370472162,22.452258765447361","Saldus novads"
Slovenia,2021-07-29,3,"46.144547463813083,15.206435629923581",Laško
Finland,2021-07-29,4,"62.136011630952517,25.013232687916869",Keski-Suomi
Bolivia,2021-07-29,5,"-16.298158800499252,-68.5279890628446","Departamento de La Paz"
"United States",2021-07-30,1,"40.722114403892469,-73.975986490537991","New York"
Philippines,2021-07-30,2,"6.1033667822678144,125.2924103465875",Sarangani
Greece,2021-07-30,3,"36.822502102731768,27.052939893052439","Southern Aegean"
Chile,2021-07-30,4,"-46.89361045872262,-72.769594228483854",Aysén
Colombia,2021-07-30,5,"7.0855832544544466,-70.757966736021345",Arauca
"South Korea",2021-07-31,1,"33.275862504117612,126.21695097761931",Jeju-do
Australia,2021-07-31,2,"-30.9825573,150.1885651","New South Wales"
Japan,2021-07-31,3,"41.265460824514619,140.8338895399136",Aomori
Bolivia,2021-07-31,4,"-18.10830797026496,-63.457524629567821","Departamento de Santa Cruz"
Netherlands,2021-07-31,5,"51.749881586564193,5.8404687069889523",Noord-Brabant
Poland,2021-08-01,1,"53.186819661634267,22.086507390969722","Województwo podlaskie"
Senegal,2021-08-01,2,"14.7527904,-17.4901815","Région de Dakar"
Malaysia,2021-08-01,3,"4.66945897406551,103.4034740556107",Terengganu
"United States",2021-08-01,4,"40.761415083577013,-73.99178155971299","New York"
Senegal,2021-08-01,5,"13.849737804922681,-16.057608461080061","Région de Kaolack"
Cambodia,2021-08-02,1,"12.253038718427479,105.8924325936118","Kratié Province"
Taiwan,2021-08-02,2,"24.349535435080892,121.3081597616043","Taichung City"
Cambodia,2021-08-02,3,"12.40335619869678,106.2387013714211","Kratié Province"
Egypt,2021-08-02,4,"29.975121404953079,31.137123048401008","Giza Governorate"
Bolivia,2021-08-02,5,"-16.298158800499252,-68.5279890628446","Departamento de La Paz"
Kenya,2021-08-03,1,"0.77518398227114116,34.788970768627777","Bungoma County"
Portugal,2021-08-03,2,"38.823440083608837,-7.424142137163062","Distrito de Évora"
Finland,2021-08-03,3,"65.775662989344951,28.69951221902102",Pohjois-Pohjanmaa
Brazil,2021-08-03,4,"-16.3519861725251,-48.958504823126113",Goiás
Australia,2021-08-03,5,"-42.12310973882542,148.2901295284486",Tasmania
Estonia,2021-08-04,1,"57.906265759472568,24.411486330654562","Pärnu maakond"
Iceland,2021-08-04,2,"63.733131263298937,-20.089777600860689","Rangárþing eystra"
Bangladesh,2021-08-04,3,"24.806855801663058,90.510357933967825","Mymensingh Division"
Colombia,2021-08-04,4,"2.1359542593594019,-75.715116465667776",Huila
Argentina,2021-08-04,5,"-25.1207437167626,-64.126986953030638",Salta
Finland,2021-08-05,1,"61.094010606113827,24.114651212155579",Kanta-Häme
Uruguay,2021-08-05,2,"-34.63419812392182,-56.632840793631523","Departamento de San José"
Colombia,2021-08-05,3,"2.391667,-76.657268",Cauca
Taiwan,2021-08-05,4,"23.563793922046791,119.58345460846689","Penghu County"
Belgium,2021-08-05,5,"51.1794505,5.6310684",Vlaanderen
"United States",2021-08-06,1,"30.3163162597815,-81.6552667887693",Florida
Japan,2021-08-06,2,"44.042585071652788,144.94967942190431",Hokkaido
Romania,2021-08-06,3,"44.433692512540738,26.10905994014907",București
Finland,2021-08-06,4,"67.817177463781761,23.681585603795941",Lappi
Poland,2021-08-06,5,"53.260325266688547,14.825136555903651","West Pomeranian Voivodeship"
Slovakia,2021-08-07,1,"48.638381895839657,19.945879032745491","Banskobystrický kraj"
Greece,2021-08-07,2,"37.667311582827743,23.959894053206011",Attica
Indonesia,2021-08-07,3,"-7.3445345,108.3886696","Jawa Barat"
Ecuador,2021-08-07,4,"-2.1783386291235431,-79.826013458856693",Guayas
Egypt,2021-08-07,5,"30.006642933908,31.229808278351271","Cairo Governorate"
Sweden,2021-08-09,1,"57.51007607343243,13.108334351516289","Västra Götalands län"
France,2021-08-09,2,"44.7302225,3.8977065",Auvergne-Rhône-Alpes
Australia,2021-08-09,3,"-35.982849945169718,139.74139210864891","South Australia"
Taiwan,2021-08-09,4,"24.139954366238289,120.6770057066245","Taichung City"
Argentina,2021-08-09,5,"-26.0735819119208,-65.975514809969624",Salta
Argentina,2021-08-10,1,"-27.010685240801159,-54.5220330398425",Misiones
Australia,2021-08-10,2,"-38.61516836743386,143.29215359487819",Victoria
Hungary,2021-08-10,3,"47.02114577600522,21.431574057541589",Hajdú-Bihar
Kenya,2021-08-10,4,"-0.53345342893502479,37.450499527611463","Embu County"
"Isle of Man",2021-08-10,5,"54.16799087359793,-4.5085236131228363",Braddan
France,2021-08-11,1,"42.214682314162538,9.55514633601004",Corse
Czechia,2021-08-11,2,"50.439875751921633,14.902955415992359","Středočeský kraj"
Taiwan,2021-08-11,3,"24.149177736486,121.65453646924951","Hualien County"
Thailand,2021-08-11,4,"17.9959238,102.9674048","Chang Wat Nong Khai"
Peru,2021-08-11,5,"-9.3582744060823337,-78.4250500469737",Áncash
Mongolia,2021-08-12,1,"49.156980211237411,104.74839261557",Selenge
Ecuador,2021-08-12,2,"-3.2563607398821519,-79.9589860492306","El Oro"
Germany,2021-08-12,3,"51.038559455757067,7.0015388349829664",Nordrhein-Westfalen
Switzerland,2021-08-12,4,"46.563011629981219,6.6039316267388974",Vaud
Finland,2021-08-12,5,"64.74339290140027,28.68294760981604",Kainuu
Canada,2021-08-13,1,"52.125397866227487,-119.2940827674897","British Columbia"
Australia,2021-08-13,2,"-34.6920171,140.7179903","South Australia"
Ecuador,2021-08-13,3,"-3.270347798568582,-80.003496845062188","El Oro"
"United States",2021-08-13,4,"32.332318723753339,-98.177903585385181",Texas
Sweden,2021-08-13,5,"58.889600222361118,17.55584620548856","Södermanlands län"
"New Zealand",2021-08-14,1,"-45.069561615719607,169.6017921941195","Otago Region"
Senegal,2021-08-14,2,"14.762439290814919,-17.421727269502281","Dakar Region"
Netherlands,2021-08-14,3,"53.337838577989942,5.8237916344502034",Friesland
Poland,2021-08-14,4,"53.755388410653822,23.381683629094791","Województwo podlaskie"
Colombia,2021-08-14,5,"3.376047296704662,-74.810068726503687",Huila
Türkiye,2021-08-15,1,"40.73559732106785,32.261887598962652",Bolu
Belgium,2021-08-15,2,"51.434341354600349,4.9354066776034173",Vlaanderen
Norway,2021-08-15,3,"68.273375802506976,14.2938096199112",Nordland
Ukraine,2021-08-15,4,"48.056414865837652,34.929365251561137","Zaporiz'ka oblast"
Canada,2021-08-15,5,"44.074944229815173,-77.9626372557346",Ontario
Russia,2021-08-16,1,"56.814001436300927,37.796819697955087","Moskovskaya oblast'"
Belgium,2021-08-16,2,"51.217629063512852,4.4205402096747664",Vlaanderen
"United Kingdom",2021-08-16,3,"51.5182498,-0.1207679","Greater London"
Ecuador,2021-08-16,4,"-0.17946905122472009,-79.207557255385254","Santo Domingo de los Tsachilas"
India,2021-08-16,5,"12.834664555673911,77.400853283462254",Karnataka
Kenya,2021-08-17,1,"0.63564390739048637,37.671716081545632","Samburu County"
Uruguay,2021-08-17,2,"-32.288468827379241,-58.089553534377373","Departamento de Paysandú"
Romania,2021-08-17,3,"47.797597859211663,23.6084531",Maramureș
Senegal,2021-08-17,4,"14.4353002391165,-16.866330331029911","Thiès Region"
"United Arab Emirates",2021-08-17,5,"25.267472085021279,55.301146839803778",Dubai
Canada,2021-08-18,1,"55.339591922375178,-118.7694101008224",Alberta
Colombia,2021-08-18,2,"3.2487949,-75.2437701",Huila
Poland,2021-08-18,3,"50.264777441856943,16.891593018869131","Województwo dolnośląskie"
"United Arab Emirates",2021-08-18,4,"25.267472085021279,55.301146839803778",Dubai
Egypt,2021-08-18,5,"29.977861389137541,31.132785344327971","Giza Governorate"
Türkiye,2021-08-19,1,"38.552657100042467,43.431105452139178",Van
Russia,2021-08-19,2,"51.211777925548361,81.1111661775841","Altayskiy kray"
Uruguay,2021-08-19,3,"-32.802235795145542,-56.512835032543272","Departamento de Durazno"
Albania,2021-08-19,4,"41.175477292248708,19.56393206862035","Qarku i Tiranës"
Serbia,2021-08-19,5,"42.696422472485963,22.32659686658819","Pčinjski Okrug"
Poland,2021-08-20,1,"52.294740347274313,21.0386405265906","Województwo mazowieckie"
"United States",2021-08-20,2,"32.582466352075478,-110.9552481320121",Arizona
"United States",2021-08-20,3,"36.616494321379619,-101.1913619281669",Oklahoma
Japan,2021-08-20,4,"34.2981047,134.9422561",Hyogo
Italy,2021-08-20,5,"38.099218574991781,13.391817041431761",Sicilia
Chile,2021-08-21,1,"-37.773592154216438,-73.502134261190974","Bío Bío"
Germany,2021-08-21,2,"53.083356516689634,8.7850230667642464",Bremen
France,2021-08-21,3,"42.06596632055215,8.7212243707467358",Corse
"United States",2021-08-21,4,"40.7060108,-74.0051993","New York"
Japan,2021-08-21,5,"45.4014464,141.691994",Hokkaido
Thailand,2021-08-22,1,"16.906336289692959,101.85978914095109",Loei
Bangladesh,2021-08-22,2,"24.72532695670477,90.4280458914784","Mymensingh Division"
Argentina,2021-08-22,3,"-34.050458840707307,-65.352926371766756","San Luis"
Poland,2021-08-22,4,"53.479902335024242,18.750927909671589","Województwo kujawsko-pomorskie"
Norway,2021-08-22,5,"58.794606695792488,7.3564579728689639",Agder
"New Zealand",2021-08-23,1,"-41.290136642403723,172.09850443478771","West Coast Region"
Colombia,2021-08-23,2,"1.595128193111722,-77.015670212806384",Nariño
Indonesia,2021-08-23,3,"-4.3238954465353272,104.3451893466347","Sumatera Selatan"
"United Kingdom",2021-08-23,4,"51.509383,-0.1176804","Greater London"
Albania,2021-08-23,5,"40.300484806518909,20.002166706539871","Gjirokastër County"
"South Korea",2021-08-24,1,"37.527025306768991,127.0128466578074",Seoul
Taiwan,2021-08-24,2,"25.04324195157902,121.5163781716695","Taipei City"
Japan,2021-08-24,3,"37.734881818865311,139.7810808179496",Fukushima
Italy,2021-08-24,4,"46.022616856338637,11.26242069704025","Trentino-Alto Adige"
Colombia,2021-08-24,5,"1.8026516497834,-78.780570302278889",Nariño
Bulgaria,2021-08-25,1,"43.121547750502,25.682569947634448","Veliko Tarnovo"
Russia,2021-08-25,2,"57.049037734482667,63.727317118176707","Sverdlovskaya oblast'"
Argentina,2021-08-25,3,"-26.18301697699593,-58.16803118185944",Formosa
Taiwan,2021-08-25,4,"24.1715988,121.5922357","Hualien County"
France,2021-08-25,5,"48.856274729081953,2.296814794094435",Île-de-France
France,2021-08-26,1,"48.951395281849159,2.3213167668826391",Île-de-France
Ecuador,2021-08-26,2,"-1.5931558434234121,-80.860870400649588",Manabí
Senegal,2021-08-26,3,"14.851015175288429,-15.85734703542245","Région de Diourbel"
Kenya,2021-08-26,4,"-1.376575936647076,36.774457517935417","Nairobi County"
"South Africa",2021-08-26,5,"-30.8234914,28.5379776","Eastern Cape"
Ireland,2021-08-27,1,"54.2290990912126,-8.90320574247611","County Sligo"
Estonia,2021-08-27,2,"58.074978021930427,24.735654947067509","Pärnu maakond"
Philippines,2021-08-27,3,"16.3756897,120.7192793",Benguet
Brazil,2021-08-27,4,"-21.2747226,-41.326523","Rio de Janeiro"
Canada,2021-08-27,5,"58.763257288300018,-94.055332009524",Manitoba
Senegal,2021-08-28,1,"14.722085201470749,-17.49593977547082","Dakar Region"
Mexico,2021-08-28,2,"17.978555107487711,-102.21156626445431",Michoacán
Norway,2021-08-28,3,"68.586457719194868,15.31208310809844",Nordland
Mongolia,2021-08-28,4,"47.919290066772668,106.9175455049273",Ulaanbaatar
Bolivia,2021-08-28,5,"-16.494125601410971,-68.201616392990218","Departamento de La Paz"
Greece,2021-08-29,1,"37.927859466399823,22.0457112140321","Western Greece"
Netherlands,2021-08-29,2,"52.061313760901562,5.6299333163231626",Gelderland
Ecuador,2021-08-29,3,"-4.1453123893869526,-80.119378567164432",Loja
Kenya,2021-08-29,4,"-4.0547525894642211,39.65309580770495","Mombasa County"
Bulgaria,2021-08-29,5,"43.63163898275927,27.156781291002471",Shumen
Chile,2021-08-30,1,"-21.6367823,-69.548605",Antofagasta
"United Kingdom",2021-08-30,2,"51.88071451989461,0.85358463815048369",Essex
Greenland,2021-08-30,3,"70.6789748517061,-52.144946497928473",Avannaata
Thailand,2021-08-30,4,"19.667068590938609,98.088819703976554","Mae Hong Son"
Bangladesh,2021-08-30,5,"23.646525282176309,88.84387665977664","Khulna Division"
Bolivia,2021-08-31,1,"-19.0535703,-65.2574488","Departamento de Chuquisaca"
France,2021-08-31,2,"48.097558306657213,-0.35161923813058987","Pays de la Loire"
"South Korea",2021-08-31,3,"37.527025306768991,127.0128466578074",Seoul
Iceland,2021-08-31,4,"64.568360334953979,-21.9398913576835",Borgarbyggð
Czechia,2021-08-31,5,"50.17858939272746,16.97647759958982","Olomoucký kraj"
Indonesia,2021-09-01,1,"1.690428273844462,100.5195998399731",Riau
Brazil,2021-09-01,2,"-16.014914673941359,-45.438580000195913","Minas Gerais"
Bulgaria,2021-09-01,3,"41.719296360675678,23.159442627998",Blagoevgrad
Egypt,2021-09-01,4,"29.97591274083068,31.137753872335111","Giza Governorate"
Hungary,2021-09-01,5,"46.843321228188941,17.116639312934112","Zala County"
Uruguay,2021-09-02,1,"-34.7915358,-55.237745","Departamento de Maldonado"
Australia,2021-09-02,2,"-29.261944654177519,151.98765033424269","New South Wales"
Latvia,2021-09-02,3,"56.889345078080083,21.17298638711965","Dienvidkurzemes novads"
Portugal,2021-09-02,4,"37.60881963834337,-8.1777686293268683",Beja
Ireland,2021-09-02,5,"52.101190184102173,-8.2718059515491973","County Cork"
Uruguay,2021-09-03,1,"-33.245191057372367,-58.034863718302368","Departamento de Soriano"
Japan,2021-09-03,2,"44.105576785355957,145.03860364305271",Hokkaido
"South Africa",2021-09-03,3,"-30.288918863373439,28.781096564964891","Eastern Cape"
India,2021-09-03,4,"16.827005236982931,75.7023293568958",Karnataka
Norway,2021-09-03,5,"69.901580313832056,21.3203802774083",Troms
India,2021-09-04,1,"22.62411216154949,75.790160473995286","Madhya Pradesh"
Finland,2021-09-04,2,"64.01868341994512,27.439742312960352",Kainuu
Argentina,2021-09-04,3,"-41.112373252868409,-71.420333338190289","Río Negro"
Czechia,2021-09-04,4,"50.086530384699913,14.4112330137603","Hlavní město Praha"
Indonesia,2021-09-04,5,"-6.767331,111.569379","Jawa Tengah"
Croatia,2021-09-05,1,"45.1539241,14.7724581","Primorsko-goranska županija"
Chile,2021-09-05,2,"-23.409385922621041,-67.99819980518906",Antofagasta
Belgium,2021-09-05,3,"51.220839302969061,4.33951026050638",Vlaanderen
Malaysia,2021-09-05,4,"3.4910877295295508,103.0956892834072",Pahang
Serbia,2021-09-05,5,"45.2510255,19.8614118","Južnobački okrug"
Bulgaria,2021-09-06,1,"42.5224477,27.4354229",Burgas
"New Zealand",2021-09-06,2,"-39.072609901200977,174.01828781448759","Taranaki Region"
Mexico,2021-09-06,3,"21.504160682895609,-105.20603632351769",Nayarit
Senegal,2021-09-06,4,"15.882850334190509,-16.240839206892279","Louga Region"
Japan,2021-09-06,5,"42.271252762809411,140.25423606924079",Hokkaido
Australia,2021-09-07,1,"-29.0513962,153.3365079","New South Wales"
"United States",2021-09-07,2,"47.519944232936382,-92.596799059976718",Minnesota
Iceland,2021-09-07,3,"65.808418320801408,-18.23026491478527",Hörgársveit
Malaysia,2021-09-07,4,"4.6739047995469436,101.4900250344365",Kelantan
Egypt,2021-09-07,5,"29.974182530070649,31.12694130285902","Giza Governorate"
Russia,2021-09-08,1,"50.100675147478611,43.303849997583583","Volgogradskaya oblast'"
Austria,2021-09-08,2,"47.221114658832938,14.77026853514576",Steiermark
France,2021-09-08,3,"49.158261824829182,4.4001005064614986","Grand Est"
Greenland,2021-09-08,4,"70.484153544232768,-21.972025848102561","Sermersooq Kommune"
"United States",2021-09-08,5,"39.7694842,-88.8487137",Illinois
Czechia,2021-09-09,1,"50.329034632585881,12.50960188748207","Karlovarský kraj"
Argentina,2021-09-09,2,"-32.843462284444932,-69.826561167485764",Mendoza
Latvia,2021-09-09,3,"56.932777402324717,24.038515360188551",Riga
Cambodia,2021-09-09,4,"14.16869777642783,104.69561983159559","Preah Vihear Province"
Argentina,2021-09-09,5,"-49.598611467204563,-71.456957321374375","Santa Cruz"
Taiwan,2021-09-10,1,"25.0918151,121.222927","Taoyuan City"
"United Kingdom",2021-09-10,2,"52.071830081651868,-1.3498320652601781",Oxfordshire
"United Kingdom",2021-09-10,3,"54.5417429,-1.2945932",Stockton-on-Tees
Argentina,2021-09-10,4,"-31.391753422372322,-66.976586606657079","La Rioja"
Russia,2021-09-10,5,"54.813107780448483,31.98370100698634","Smolenskaya oblast'"
Serbia,2021-09-11,1,"43.845664754525451,20.033537708264308","Zlatiborski okrug"
Latvia,2021-09-11,2,"56.406319,22.9011922","Dobeles novads"
Colombia,2021-09-11,3,"10.17331093101344,-73.6019376854082",Cesar
India,2021-09-11,4,"20.552771185868629,75.701847111705149",Maharashtra
Argentina,2021-09-11,5,"-34.868791407383164,-61.5302741802041","Provincia de Buenos Aires"
Greece,2021-09-12,1,"37.650382,23.0903075","Peloponnese Region"
Greenland,2021-09-12,2,"64.178303333538892,-51.745063816864729","Sermersooq Kommune"
Albania,2021-09-12,3,"40.300484806518909,20.002166706539871","Gjirokastër County"
Brazil,2021-09-12,4,"-5.0579114835463583,-48.757324539219823",Pará
Bangladesh,2021-09-12,5,"22.327517051758559,91.810911760743139","Chittagong Division"
Japan,2021-09-13,1,"36.9149739,139.5512794",Tochigi
Germany,2021-09-13,2,"52.4751624308208,13.32234502838792",Berlin
Lithuania,2021-09-13,3,"54.473333146434427,25.26578158332212","Vilniaus apskritis"
Chile,2021-09-13,4,"-51.06724458575416,-72.990524621283043","Magallanes y la Antártica Chilena"
Japan,2021-09-13,5,"36.9149739,139.5512794",Tochigi
Cambodia,2021-09-14,1,"13.928957891371249,105.9485344571473","Steung Treng Province"
Mexico,2021-09-14,2,"22.0421746764331,-100.4214647925627","San Luis Potosí"
Peru,2021-09-14,3,"-9.7564969,-77.3974193",Áncash
Netherlands,2021-09-14,4,"51.442029620335028,4.9365780981253424",Noord-Brabant
Russia,2021-09-14,5,"56.8381737,60.166644","Sverdlovskaya oblast'"
Slovakia,2021-09-15,1,"48.638381895839657,19.945879032745491","Banskobystrický kraj"
Bulgaria,2021-09-15,2,"42.0165061855219,23.094861898383542",Blagoevgrad
Botswana,2021-09-15,3,"-22.425934149005968,26.760192326011239","Central District"
"New Zealand",2021-09-15,4,"-43.393209994150787,170.1807602851699","West Coast Region"
Bolivia,2021-09-15,5,"-18.1017684704386,-63.96999651045455","Departamento de Santa Cruz"
Mongolia,2021-09-16,1,"47.937710455678143,106.8835425771835",Ulaanbaatar
Peru,2021-09-16,2,"-14.740593702048461,-71.352998591383837",Cuzco
"United Arab Emirates",2021-09-16,3,"25.3500076,55.4036546",Sharjah
Botswana,2021-09-16,4,"-20.34482604780931,22.978070995920721","North-West District"
Germany,2021-09-16,5,"52.4321788142292,10.804404937242939",Niedersachsen
Hungary,2021-09-17,1,"47.8170038,19.9895176","Heves County"
Estonia,2021-09-17,2,"58.172073352234662,22.131865148855479","Saare maakond"
"United States",2021-09-17,3,"47.248413166454569,-68.602065951151516",Maine
Lithuania,2021-09-17,4,"55.511598,24.7798028","Utenos apskritis"
Indonesia,2021-09-17,5,"-3.4429153516998858,114.830912092565","Kalimantan Selatan"
Japan,2021-09-18,1,"35.7072845,139.7390319",Tokyo
Senegal,2021-09-18,2,"13.3328653478856,-13.82326724515025","Kolda Region"
Mexico,2021-09-18,3,"16.513872194020749,-94.502933618570324",Oaxaca
India,2021-09-18,4,"27.172905799081661,78.042260963438991","Uttar Pradesh"
Türkiye,2021-09-18,5,"40.5070875,30.1770135",Sakarya
Sweden,2021-09-19,1,"66.891230018623659,21.288509010755391","Norrbottens län"
Argentina,2021-09-19,2,"-26.012742685779379,-54.609868330770077",Misiones
Indonesia,2021-09-19,3,"-8.332212005105065,116.6830901722053","Nusa Tenggara Barat"
Austria,2021-09-19,4,"46.82573536307018,14.851549153569859",Kärnten
Mongolia,2021-09-19,5,"47.918356691260861,106.8831959003809",Ulaanbaatar
Ukraine,2021-09-20,1,"49.544352115294267,26.020018721264631","Ternopil's'ka oblast"
Bolivia,2021-09-20,2,"-16.99720816182047,-65.074319559680134","Departamento de Cochabamba"
Germany,2021-09-20,3,"48.215065693128338,11.624823446003861",Bavaria
Bangladesh,2021-09-20,4,"21.816735415468,89.45965665832739","Khulna Division"
Bangladesh,2021-09-20,5,"21.816735415468,89.45965665832739","Khulna Division"
Germany,2021-09-21,1,"48.238343032610452,11.506576758818531",Bayern
Denmark,2021-09-21,2,"56.365041604930312,8.6244967750428216","Central Denmark Region"
"South Korea",2021-09-21,3,"35.818926737588811,128.5398517963464",Daegu
Chile,2021-09-21,4,"-32.391313129999382,-71.37551159769329",Valparaíso
Israel,2021-09-21,5,"30.8208831996468,35.245392126933147","South District"
"South Korea",2021-09-22,1,"34.7992132,126.4018416",Jeollanam-do
India,2021-09-22,2,"13.34987916144763,74.7848812648617",Karnataka
Canada,2021-09-22,3,"44.485191321807243,-77.686344846176837",Ontario
Croatia,2021-09-22,4,"45.750451497628937,18.68517554869636","Osječko-baranjska županija"
Peru,2021-09-22,5,"-4.5389718764461344,-80.481577672681226",Piura
Mongolia,2021-09-23,1,"47.929835616224032,106.9913177979212",Ulaanbaatar
Ukraine,2021-09-23,2,"49.8339096,24.0193599","L'vivs'ka oblast"
Slovenia,2021-09-23,3,"46.5604944,14.9434351","Ravne na Koroškem"
Canada,2021-09-23,4,"49.0678820676879,-64.50598824963167",Québec
Malaysia,2021-09-23,5,"5.9509354870635374,116.1045748243551",Sabah
Peru,2021-09-24,1,"-16.74399054614911,-69.799759513343773",Puno
"South Korea",2021-09-24,2,"37.527025306768991,127.0128466578074",Seoul
Russia,2021-09-24,3,"54.516328549991513,38.428610342137759","Moscow Oblast"
"Isle of Man",2021-09-24,4,"54.325646726643,-4.4013929795687838",Ramsey
Greenland,2021-09-24,5,"70.48456943268981,-21.949916641514282","Sermersooq Kommune"
Albania,2021-09-25,1,"41.687336228046533,20.424619105386942","Dibër County"
Albania,2021-09-25,2,"42.225883066423762,20.40251006939533","Qarku i Kukësit"
"United States",2021-09-25,3,"40.7072384658543,-74.004376408848486","New York"
Bhutan,2021-09-25,4,"26.855665524564809,90.267856369352046",Sarpang
Russia,2021-09-25,5,"58.110921062228208,57.807002260946057","Permskiy kray"
Germany,2021-10-21,1,"50.61163302868588,10.71669479171902",Thüringen
"United States",2021-10-21,2,"35.856473902957013,-101.9790780816149",Texas
Sweden,2021-10-21,3,"63.701086025711078,17.11943438825174","Västernorrlands län"
Mexico,2021-10-21,4,"25.648019280177351,-100.2842964886697","Nuevo León"
"United Arab Emirates",2021-10-21,5,"25.08977986229004,55.393035433326268",Dubai
Thailand,2021-10-22,1,"16.2825453,102.2146928","Chang Wat Chaiyaphum"
Colombia,2021-10-22,2,"2.97644488544983,-73.164572154487018",Meta
Belgium,2021-10-22,3,"50.505632367690808,3.42924847938513","Région wallonne"
Bulgaria,2021-10-22,4,"42.659489151462083,27.726034042888621",Burgas
Uruguay,2021-10-22,5,"-34.863137722200051,-56.168197504410919","Departamento de Montevideo"
France,2021-10-23,1,"47.352641182865433,-1.2619451633272241","Pays de la Loire"
Malaysia,2021-10-23,2,"4.3341793143631282,103.3848033612705",Terengganu
Chile,2021-10-23,3,"-23.6365586075959,-70.387499730446478",Antofagasta
Chile,2021-10-23,4,"-25.164090251267119,-69.867820307780335",Antofagasta
Netherlands,2021-10-23,5,"51.442029620335028,4.9365780981253424",Noord-Brabant
"United States",2021-10-24,1,"46.6743484,-112.1612176",Montana
Malaysia,2021-10-24,2,"5.2090627814613066,100.6121303505617",Kedah
Egypt,2021-10-24,3,"31.213835677261919,29.88503524007379","Alexandria Governorate"
Poland,2021-10-24,4,"53.242078564393928,23.66135336425501","Województwo podlaskie"
Hungary,2021-10-24,5,"47.463340735188858,19.03370564497877",Budapest
Thailand,2021-10-25,1,"17.999093639100771,102.40191440293231","Chang Wat Nong Khai"
Romania,2021-10-25,2,"46.7351824538041,23.483179299682561","Județul Cluj"
"United Kingdom",2021-10-25,3,"50.956793711252367,-2.649475101386463",Somerset
Türkiye,2021-10-25,4,"40.811088361294793,36.198916109245047",Amasya
Canada,2021-10-25,5,"42.3071714480819,-83.047594537283572",Ontario
Peru,2021-10-26,1,"-15.55506048821483,-71.573754681966165",Arequipa
Philippines,2021-10-26,2,"14.849884337568749,120.4486139663311",Bataan
Türkiye,2021-10-26,3,"39.088505077751037,28.9788109553219",Kütahya
"United Kingdom",2021-10-26,4,"51.505800568153987,-0.0758129655978621","Greater London"
Greenland,2021-10-26,5,"69.22715971128865,-51.096536910034871",Avannaata
Chile,2021-10-27,1,"-35.646746837878759,-71.811647217742774",Maule
Czechia,2021-10-27,2,"48.660744529108158,14.46510372660765","Jihočeský kraj"
Colombia,2021-10-27,3,"9.64833935383537,-73.6463780507519",Cesar
Belgium,2021-10-27,4,"51.434341354600349,4.9354066776034173",Vlaanderen
Australia,2021-10-27,5,"-37.7098231719412,145.71163404321609",Victoria
"Isle of Man",2021-10-28,1,"54.148619685432983,-4.5081138143579613",Douglas
Cambodia,2021-10-28,2,"13.880976278450371,104.069131995729","Siem Reap Province"
Argentina,2021-10-28,3,"-29.48487204505448,-56.980941227658548",Corrientes
Hungary,2021-10-28,4,"47.8170038,19.9895176","Heves County"
Germany,2021-10-28,5,"53.031412372186438,8.85015158750605",Bremen
Indonesia,2021-10-29,1,"-7.147970379020788,111.1417428352368","Jawa Tengah"
Bangladesh,2021-10-29,2,"24.72532695670477,90.4280458914784","Mymensingh Division"
Botswana,2021-10-29,3,"-22.670891350435241,28.175749918530691","Central District"
Uruguay,2021-10-29,4,"-32.839490018108911,-54.76311753052552","Departamento de Cerro Largo"
Philippines,2021-10-29,5,"15.8756201518604,120.5798597329954",Pangasinan
Norway,2021-10-30,1,"61.462435839268778,6.7403385085466594",Vestland
Greece,2021-10-30,2,"37.557295925009342,25.125330890621619","Southern Aegean"
Cambodia,2021-10-30,3,"11.40406898163441,105.871314922139","Svay Rieng Province"
Slovenia,2021-10-30,4,"45.7613989539968,14.15769525390207",Postojna
Argentina,2021-10-30,5,"-54.799337021681509,-68.370107092583737","Tierra del Fuego"
Serbia,2021-10-31,1,"42.669398051427358,22.319434863959579","Pčinjski Okrug"
"United States",2021-10-31,2,"36.344952102936119,-121.2601169999493",California
Denmark,2021-10-31,3,"57.34344613825926,10.45516858207394","North Denmark Region"
Taiwan,2021-10-31,4,"25.0918151,121.222927","Taoyuan City"
Malaysia,2021-10-31,5,"5.2090627814613066,100.6121303505617",Kedah
Bolivia,2021-11-01,1,"-17.23991228516271,-67.926290227307476","Departamento de La Paz"
Bulgaria,2021-11-01,2,"42.5125148,27.4411938",Burgas
Peru,2021-11-01,3,"-17.1218189,-71.7993741",Arequipa
Italy,2021-11-01,4,"46.3212580420655,10.840705750389169","Trentino-Alto Adige"
Japan,2021-11-01,5,"43.384348911907011,145.68994923127431",Hokkaido
Philippines,2021-11-02,1,"15.28336736221493,120.87928199472449","Nueva Ecija"
Thailand,2021-11-02,2,"15.761923010235471,100.9303583889821","Chang Wat Phetchabun"
Latvia,2021-11-02,3,"56.604026370472162,22.452258765447361","Saldus novads"
Norway,2021-11-02,4,"66.2005345,13.0122756",Nordland
Colombia,2021-11-02,5,"2.0831251807829378,-77.020284995777132",Cauca
Canada,2021-11-03,1,"51.150430357747638,-100.051442981382",Manitoba
Belgium,2021-11-03,2,"50.4900321,5.8664828","Région wallonne"
Japan,2021-11-03,3,"32.9948924,131.141037",Kumamoto
Spain,2021-11-03,4,"41.774393894068993,-4.0966981404662146","Castilla y León"
Lithuania,2021-11-03,5,"54.927222157445122,23.88365103199984","Kauno apskritis"
"United States",2021-11-04,1,"37.806824107116512,-122.4657845648733",California
"South Korea",2021-11-04,2,"37.42901527687615,126.4529764406619",Incheon
Switzerland,2021-11-04,3,"46.372359333926752,7.9748688073761684",Wallis
"Isle of Man",2021-11-04,4,"54.1501349815941,-4.4841659303539911",Douglas
Denmark,2021-11-04,5,"55.800012525773226,10.542805897616731","Central Denmark Region"
Finland,2021-11-05,1,"67.193349956839015,23.917574994193242",Lappi
Bangladesh,2021-11-05,2,"24.72532695670477,90.4280458914784","Mymensingh Division"
Austria,2021-11-05,3,"46.82573536307018,14.851549153569859",Kärnten
Finland,2021-11-05,4,"61.350457652899827,24.826095828372448",Pirkanmaa
Canada,2021-11-05,5,"48.686783213577158,-54.0391054414483","Newfoundland and Labrador"
"United Arab Emirates",2021-11-06,1,"24.17505961705622,55.739032721765447","Abu Dhabi"
France,2021-11-06,2,"49.346772802243748,0.0829328760949146",Normandie
"United States",2021-11-06,3,"29.925175130984549,-84.335139813497179",Florida
Türkiye,2021-11-06,4,"40.282716272771928,27.601007010265452",Balıkesir
Japan,2021-11-06,5,"32.8379387,132.9544996",Kochi
Kenya,2021-11-07,1,"0.018831473574719409,37.083235408017792","Laikipia County"
Finland,2021-11-07,2,"62.226998739655471,27.57015556594029",Pohjois-Savo
Kenya,2021-11-07,3,"0.5933524,34.5705155","Bungoma County"
Colombia,2021-11-07,4,"7.0796244277350269,-74.701953467581177",Antioquia
"United Kingdom",2021-11-07,5,"53.010599780566587,-2.2289356504472311",Staffordshire
Serbia,2021-11-08,1,"44.80386417955895,20.51168384069484","Grad Beograd"
"United Arab Emirates",2021-11-08,2,"25.218734465098841,55.276681968303457",Dubai
Ukraine,2021-11-08,3,"51.200028350514472,24.692289579187449","Volyns'ka oblast"
Ukraine,2021-11-08,4,"51.371695712085817,31.2100043695987","Chernihivs'ka oblast"
"United States",2021-11-08,5,"40.61567904265263,-98.386106015995807",Nebraska
Ecuador,2021-11-09,1,"-0.96549613301440784,-91.013530932461137","Galápagos Province"
Australia,2021-11-09,2,"-31.046018530469262,152.7428410874202","New South Wales"
Botswana,2021-11-09,3,"-22.37302645599021,28.322746800887781","Central District"
Slovakia,2021-11-09,4,"48.512861452157154,19.91529180614728","Banskobystrický kraj"
Latvia,2021-11-09,5,"57.4937156853075,21.85471724283115","Ventspils Municipality"
Argentina,2021-11-10,1,"-34.811687089528121,-67.930651752303973",Mendoza
Latvia,2021-11-10,2,"56.604026370472162,22.452258765447361","Saldus novads"
Slovenia,2021-11-10,3,"45.7613989539968,14.15769525390207",Postojna
Italy,2021-11-10,4,"42.056170837484252,14.772428817835911",Molise
Bangladesh,2021-11-10,5,"23.7031535888835,88.606273941717731","Khulna Division"
Serbia,2021-11-11,1,"43.503126426842968,20.6161767268816","Рашки округ"
Bolivia,2021-11-11,2,"-18.1017684704386,-63.96999651045455","Departamento de Santa Cruz"
Cambodia,2021-11-11,3,"11.545075464408869,104.901086839855","Phnom Penh"
Slovakia,2021-11-11,4,"49.041561536824119,20.37170996458708","Prešovský kraj"
"New Zealand",2021-11-11,5,"-44.16746259154975,170.85544000397081","Canterbury Region"
Israel,2021-11-12,1,"30.6233028,34.817927","South District"
"Isle of Man",2021-11-12,2,"54.15250329324676,-4.5413965485095869",Braddan
"United Arab Emirates",2021-11-12,3,"25.126955458550821,55.19623110205751",Dubai
Chile,2021-11-12,4,"-22.503455415962549,-68.8554132411355",Antofagasta
Sweden,2021-11-12,5,"58.9172793,11.9144504","Västra Götalands län"
Bangladesh,2021-11-13,1,"26.16658436814863,89.035321405266131","Rangpur Division"
Australia,2021-11-13,2,"-29.0513901,153.3449712","New South Wales"
Bulgaria,2021-11-13,3,"43.072494302693627,25.63299785722257","Veliko Tarnovo Province"
Romania,2021-11-13,4,"48.235291918629009,26.790294304253951","Județul Botoșani"
Mexico,2021-11-13,5,"16.478271834290759,-94.35526622835647",Oaxaca
Romania,2021-11-14,1,"44.871617216701573,24.86247603956706","Județul Argeș"
Indonesia,2021-11-14,2,"-1.658573,103.6354461",Jambi
"United States",2021-11-14,3,"37.816350315065783,-122.47810201946641",California
Albania,2021-11-14,4,"42.065871177689253,19.51952103084129","Shkodër County"
Peru,2021-11-14,5,"-6.8460017833981439,-78.031440238083277",Cajamarca
Colombia,2021-11-15,1,"4.7104760707453268,-74.071833446256178",Bogotá
"South Africa",2021-11-15,2,"-29.1128067,26.2092176","Free State"
Bangladesh,2021-11-15,3,"23.22668959956783,90.019874648733008","Dhaka Division"
Hungary,2021-11-15,4,"46.171138536164989,18.947459357724622",Bács-Kiskun
Brazil,2021-11-15,5,"-27.627570961592181,-53.339837401655878","Rio Grande do Sul"
Bolivia,2021-11-16,1,"-17.23991228516271,-67.926290227307476","Departamento de La Paz"
Russia,2021-11-16,2,"55.485041081321157,85.02057069878758","Kemerovskaya oblast'"
Brazil,2021-11-16,3,"0.95391816857127765,-59.912723206353412",Roraima
Canada,2021-11-16,4,"46.832626115020112,-65.784223384499285","New Brunswick"
"Isle of Man",2021-11-16,5,"54.3096124,-4.4113847",Lezayre
Latvia,2021-11-17,1,"57.3043477275052,23.148167253539921","Tukuma novads"
Uruguay,2021-11-17,2,"-34.798862039921538,-56.347645566256183","Departamento de Montevideo"
Albania,2021-11-17,3,"40.300484806518909,20.002166706539871","Gjirokastër County"
"United Arab Emirates",2021-11-17,4,"25.19690878126665,55.276314903352841",Dubai
Brazil,2021-11-17,5,"-20.291902900158931,-47.849685899878082","São Paulo"
Thailand,2021-11-18,1,"12.73399060557194,102.09665623690751","Chang Wat Chanthaburi"
Norway,2021-11-18,2,"59.569082200489973,10.18120031753781",Vestfold
"United States",2021-11-18,3,"40.643324760188037,-73.83538307596784","New York"
Bolivia,2021-11-18,4,"-19.604155284772052,-65.4034874533599","Departamento de Potosí"
Indonesia,2021-11-18,5,"-6.5315711872076472,106.4078902332102",Banten
Spain,2021-11-19,1,"42.584051262255549,-5.5961570952065287","Castilla y León"
Ukraine,2021-11-19,2,"49.8374149,26.4207483","Khmel'nyts'ka oblast"
Iceland,2021-11-19,3,"64.139318702972986,-21.897194925940969",Reykjavíkurborg
"United States",2021-11-19,4,"46.904755893196707,-108.7381098107799",Montana
Iceland,2021-11-19,5,"64.139318702972986,-21.897194925940969",Reykjavíkurborg
Mongolia,2021-11-20,1,"46.895485395774593,102.768339346973",Ovorkhangai
Egypt,2021-11-20,2,"30.02877578768085,31.25921772564746","Cairo Governorate"
Sweden,2021-11-20,3,"60.504646954823542,14.952055429939","Dalarnas län"
Senegal,2021-11-20,4,"13.7768462,-13.6591798","Tambacounda Region"
Chile,2021-11-20,5,"-43.23554685143511,-71.926391276205564","Los Lagos"
Denmark,2021-11-21,1,"56.193426561213272,8.7139844314002541","Central Denmark Region"
Austria,2021-11-21,2,"47.0249462,15.4010638",Steiermark
Ukraine,2021-11-21,3,"50.2447754199836,32.9877288318497","Poltavs'ka oblast"
Canada,2021-11-21,4,"46.919104890429978,-65.224695093454869","New Brunswick"
Denmark,2021-11-21,5,"56.039472338771439,12.619707354048961","Capital Region of Denmark"
India,2021-11-22,1,"15.439038496966971,74.2525039923215",Goa
Argentina,2021-11-22,2,"-38.488187827867108,-59.834706292165841","Provincia de Buenos Aires"
Argentina,2021-11-22,3,"-30.92801487640919,-64.500103774138807",Córdoba
Hungary,2021-11-22,4,"46.171138536164989,18.947459357724622",Bács-Kiskun
Slovenia,2021-11-22,5,"45.91222239515406,14.157311225636571",Logatec
"South Korea",2021-11-23,1,"36.034554018165842,128.270916356841",Gyeongsangbuk-do
France,2021-11-23,2,"45.00689936545421,-1.10460238512958",Nouvelle-Aquitaine
Poland,2021-11-23,3,"50.930008642981051,18.859536157055452","Województwo śląskie"
Mexico,2021-11-23,4,"16.086565432434291,-93.767021090349147",Chiapas
"United Arab Emirates",2021-11-23,5,"25.4096861,55.4465848",Ajman
Albania,2021-11-24,1,"41.205107228011137,19.534651494434559","Tirana County"
Kenya,2021-11-24,2,"-1.1663059793648991,34.444980658558222","Migori County"
Philippines,2021-11-24,3,"6.4763222028594427,125.32097762197419",Sarangani
Austria,2021-11-24,4,"48.2075454,16.3731702",Wien
Mexico,2021-11-24,5,"25.278851557107149,-100.7897239475503","Coahuila de Zaragoza"
Norway,2021-11-25,1,"61.3545839,7.7535443",Vestland
Uruguay,2021-11-25,2,"-34.483496805930528,-55.633707399644017","Departamento de Canelones"
Malaysia,2021-11-25,3,"6.6569764661996382,100.32042577912181",Perlis
Iceland,2021-11-25,4,"64.319505838550583,-22.076139915611009",Akraneskaupstaður
Uruguay,2021-11-25,5,"-34.483496805930528,-55.633707399644017","Departamento de Canelones"
"United Arab Emirates",2021-11-26,1,"25.19533416164083,55.272789486932723",Dubai
Finland,2021-11-26,2,"62.528701455824383,26.43074234628293",Keski-Suomi
Chile,2021-11-26,3,"-32.2134806,-71.1481778",Valparaíso
Norway,2021-11-26,4,"66.557901520563149,15.32917828832904",Nordland
Philippines,2021-11-26,5,"13.41492152323201,121.180986272835","Oriental Mindoro"
Italy,2021-11-27,1,"43.7228868,10.398516",Toscana
Germany,2021-11-27,2,"52.516653937827463,13.381436960429561",Berlin
Argentina,2021-11-27,3,"-28.19061399843303,-59.266695852664142","Santa Fe"
Kenya,2021-11-27,4,"0.5127208122875575,35.576781987666237","Elgeyo-Marakwet County"
Israel,2021-11-27,5,"32.0557118,34.7564858","Tel Aviv District"
"New Zealand",2021-11-28,1,"-42.29951212169771,171.61174298138289","West Coast Region"
Slovenia,2021-11-28,2,"45.940570276937642,14.33579839520343",Vrhnika
Colombia,2021-11-28,3,"3.86349178797579,-73.540594746094911",Meta
"New Zealand",2021-11-28,4,"-46.8976352,168.1225773","Southland Region"
Thailand,2021-11-28,5,"17.85580164243953,103.3801722205317","Chang Wat Udon Thani"
Argentina,2021-11-29,1,"-29.426094904817571,-65.355063577721282",Catamarca
Egypt,2021-11-29,2,"29.87539552397871,31.22320448107223","Giza Governorate"
Greenland,2021-11-29,3,"70.6786447,-52.1471529",Avannaata
Russia,2021-11-29,4,"48.232395554201062,45.9043548981363","Astrakhanskaya oblast'"
Netherlands,2021-11-29,5,"51.999251508255092,6.5828040372447081",Gelderland
Canada,2021-11-30,1,"49.130426273761493,-116.6351733663635","British Columbia"
Mongolia,2021-11-30,2,"49.156980211237411,104.74839261557",Selenge
Peru,2021-11-30,3,"-6.6904002903279913,-79.447757850082709",Lambayeque
Netherlands,2021-11-30,4,"52.3823185,4.6472326",Noord-Holland
"New Zealand",2021-11-30,5,"-44.134890962451038,170.34847877330481","Canterbury Region"
Canada,2021-12-01,1,"49.214264680262069,-122.9710564148882","British Columbia"
Greece,2021-12-01,2,"37.5166316,22.471844","Peloponnese Region"
Japan,2021-12-01,3,"34.81795057380797,135.4267055920042",Osaka
Germany,2021-12-01,4,"50.055863446700577,8.5871592767005875",Hessen
Thailand,2021-12-01,5,"6.519114509094118,100.4191637649345",Songkhla
Austria,2021-12-02,1,"47.229933315076451,12.050395177344379",Tirol
Greece,2021-12-02,2,"35.556325470303513,24.088307025295681",Crete
Bangladesh,2021-12-02,3,"24.1492255825383,91.347165497574025","Sylhet Division"
Argentina,2021-12-02,4,"-33.56466215090559,-60.756554748073142","Santa Fe"
Ecuador,2021-12-02,5,"-0.13255970926388591,-78.4978207404803",Pichincha
India,2021-12-03,1,"20.005612698947651,73.68685294073299",Maharashtra
Slovakia,2021-12-03,2,"48.719873859177852,21.255895368995571","Košický kraj"
Slovenia,2021-12-03,3,"46.0576894,14.5060517",Ljubljana
Argentina,2021-12-03,4,"-35.852949011434632,-57.906667376904757","Provincia de Buenos Aires"
Argentina,2021-12-03,5,"-34.520979726269658,-60.47064997226839","Provincia de Buenos Aires"
Bolivia,2021-12-04,1,"-16.59904256860279,-68.834136353457779","Departamento de La Paz"
India,2021-12-04,2,"24.88723069403958,74.644312673596886",Rajasthan
Canada,2021-12-04,3,"47.005692615457427,-53.643082677852519","Newfoundland and Labrador"
"United Kingdom",2021-12-04,4,"57.2801616,-5.7138289","Highland Council"
Canada,2021-12-04,5,"46.478464606315782,-64.911151279580324","New Brunswick"
Peru,2021-12-05,1,"-17.1218189,-71.7993741",Arequipa
"South Africa",2021-12-05,2,"-27.26560012005913,23.967704263312861","North West"
Russia,2021-12-05,3,"58.243675901917257,30.778627058522581","Novgorodskaya oblast'"
Indonesia,2021-12-05,4,"-7.674265677157134,108.8002843424396","West Java"
"United Kingdom",2021-12-05,5,"51.49157054424488,-0.13882875171980141","Greater London"
Russia,2021-12-06,1,"55.497028528428977,60.250653281924563","Chelyabinskaya oblast'"
Serbia,2021-12-06,2,"43.582146285639588,20.228999840069431","Moravički okrug"
Peru,2021-12-06,3,"-7.5194517705573451,-78.142994536418485",Cajamarca
Argentina,2021-12-06,4,"-32.3322842,-64.2914179",Córdoba
"South Africa",2021-12-06,5,"-33.300856761039107,20.077531508932768","Western Cape"
Russia,2021-12-07,1,"44.2315841,40.0961696","Adygea Republic"
France,2021-12-07,2,"43.591324679807776,7.0051922969036369","Provence-Alpes-Côte d'Azur"
Belgium,2021-12-07,3,"50.63936811907854,5.5917825341260263","Région wallonne"
"United States",2021-12-07,4,"47.92823648985366,-91.761290932711375",Minnesota
Estonia,2021-12-07,5,"59.054533810329033,24.007717206385081","Lääne maakond"
"New Zealand",2021-12-08,1,"-44.16746259154975,170.85544000397081","Canterbury Region"
Greenland,2021-12-08,2,"69.2275198652219,-51.093527879957293",Avannaata
Greenland,2021-12-08,3,"70.6789748517061,-52.144946497928473",Avannaata
Belgium,2021-12-08,4,"50.857847305543913,4.1170621735218624",Vlaanderen
Peru,2021-12-08,5,"-13.930041051985491,-75.948531605887624",Ica
Taiwan,2021-12-09,1,"24.41527809711511,118.3468125252397",Taiwan
Germany,2021-12-09,2,"51.515765013109487,7.4649678023570711",Nordrhein-Westfalen
Germany,2021-12-09,3,"53.080453667920857,8.7805993064889",Bremen
Cambodia,2021-12-09,4,"12.255629830135559,105.6888508287564","Tbong Khmum Province"
"United States",2021-12-09,5,"34.387606912152087,-99.024304604322339",Oklahoma
Sweden,2021-12-10,1,"56.059855205883423,12.975272072099679","Skåne län"
Philippines,2021-12-10,2,"16.356742098223229,119.8557075595118",Pangasinan
Colombia,2021-12-10,3,"7.9925632681065917,-75.199833443746556",Antioquia
Russia,2021-12-10,4,"57.715442443963752,63.0427265645727","Sverdlovskaya oblast'"
Israel,2021-12-10,5,"33.2100328,35.6072081","North District"
Ecuador,2021-12-11,1,"-1.499799850663653,-79.9391233367806",Guayas
Egypt,2021-12-11,2,"29.9766377358675,31.135884995653409","Giza Governorate"
Mongolia,2021-12-11,3,"47.918356691260861,106.8831959003809",Ulaanbaatar
Chile,2021-12-11,4,"-31.7815364,-70.9579641",Coquimbo
Bangladesh,2021-12-11,5,"24.0552161,90.9831518","Dhaka Division"
Uruguay,2021-12-12,1,"-34.872105930273307,-56.203015663413517","Departamento de Montevideo"
Serbia,2021-12-12,2,"43.94660000968927,21.38064364536902","Pomoravski okrug"
Uruguay,2021-12-12,3,"-34.86287021048,-56.2013323904328","Departamento de Montevideo"
Austria,2021-12-12,4,"47.229933315076451,12.050395177344379",Tirol
Russia,2021-12-12,5,"57.681677112534608,59.365092582374288","Sverdlovskaya oblast'"
"South Africa",2021-12-13,1,"-29.288862213594719,21.159900819723351","Northern Cape"
Latvia,2021-12-13,2,"56.746586394822558,24.727611271627541","Ogres novads"
Poland,2021-12-13,3,"52.014451335668568,15.14047723446317","Województwo lubuskie"
Brazil,2021-12-13,4,"-18.069040124621349,-41.296491238965352","Minas Gerais"
Philippines,2021-12-13,5,"14.5979087,120.9894927","Metropolitan Manila First District"
Türkiye,2021-12-14,1,"38.086576553930321,31.372487400123529",Isparta
Bangladesh,2021-12-14,2,"22.673341149537251,89.743013458155957","Khulna Division"
Colombia,2021-12-14,3,"5.1932929778625674,-76.000459168277274",Risaralda
Colombia,2021-12-14,4,"1.7593402925689909,-75.765541157671947",Caquetá
Portugal,2021-12-14,5,"41.3029334,-7.7407367","Vila Real"
Greece,2021-12-15,1,"40.6901969426046,24.62049173321202","East Macedonia and Thrace"
Japan,2021-12-15,2,"37.1634801,138.1434689",Niigata
Philippines,2021-12-15,3,"14.5979087,120.9894927","Metropolitan Manila First District"
Canada,2021-12-15,4,"50.1072101,-125.0515715","British Columbia"
Greece,2021-12-15,5,"40.6901969426046,24.62049173321202","East Macedonia and Thrace"
Bolivia,2021-12-16,1,"-17.746064224431372,-63.159099314918983","Departamento de Santa Cruz"
"United States",2021-12-16,2,"40.801994274281348,-73.96937722889588","New York"
Bangladesh,2021-12-16,3,"23.756612080525048,89.455498768292614","Dhaka Division"
Canada,2021-12-16,4,"44.023024109093747,-77.908015951587075",Ontario
Serbia,2021-12-16,5,"43.958545517019822,21.346402713684181","Pomoravski okrug"
Senegal,2021-12-17,1,"14.4353002391165,-16.866330331029911","Thiès Region"
Canada,2021-12-17,2,"47.511354740984842,-70.5109369079492",Québec
Greece,2021-12-17,3,"39.465355415906018,21.3148271108123",Thessalia
Austria,2021-12-17,4,"47.265956452841358,11.408390225978071",Tirol
Russia,2021-12-17,5,"51.374394414542152,42.493834223166068","Voronezhskaya oblast'"
Lithuania,2021-12-18,1,"55.937015735212462,23.307397804332421","Šiaulių apskritis"
India,2021-12-18,2,"30.220436947419749,75.699582466563527",Punjab
Norway,2021-12-18,3,"65.9956269,12.9322974",Nordland
Chile,2021-12-18,4,"-22.44814629323632,-68.897969286947628",Antofagasta
Ecuador,2021-12-18,5,"-3.2563607398821519,-79.9589860492306","El Oro"
Austria,2021-12-19,1,"47.816265508866309,12.9977339195161",Salzburg
Canada,2021-12-19,2,"49.887331332140192,-119.483508174159","British Columbia"
Sweden,2021-12-19,3,"63.696035088981994,16.877507462396121","Västernorrlands län"
Australia,2021-12-19,4,"-35.7558848,137.8954511","South Australia"
Spain,2021-12-19,5,"42.903122229893228,-1.201624197694068",Navarra
France,2021-12-20,1,"49.396517721989973,-0.968406695612007",Normandy
Russia,2021-12-20,2,"52.088701341638632,35.859679883764137","Kurskaya oblast'"
Argentina,2021-12-20,3,"-36.692784294055329,-64.405089545482767","La Pampa"
"United Arab Emirates",2021-12-20,4,"25.194181069236361,55.274156920001879",Dubai
Ireland,2021-12-20,5,"53.3070801,-9.8590667","County Galway"
Philippines,2021-12-21,1,"14.60899397184914,121.3083293286075",Rizal
"Isle of Man",2021-12-21,2,"54.0738499345094,-4.6553784882144589",Castletown
Mongolia,2021-12-21,3,"47.919335670248493,106.91753164403571",Ulaanbaatar
Colombia,2021-12-21,4,"8.0141623520146368,-73.519214284061945",Cesar
Malaysia,2021-12-21,5,"5.4397477148389068,100.302947588087","Pulau Pinang"
Sweden,2021-12-22,1,"57.93431613036838,12.508271018431881","Västra Götalands län"
France,2021-12-22,2,"50.3128965,2.7644868",Hauts-de-France
Canada,2021-12-22,3,"44.865277908849507,-77.687834176361193",Ontario
"United Arab Emirates",2021-12-22,4,"25.3500076,55.4036546",Sharjah
Japan,2021-12-22,5,"41.102122342030057,141.38840310715489",Aomori
Ukraine,2021-12-23,1,"49.9360351,34.6575329","Poltava Oblast"
Italy,2021-12-23,2,"43.55939146579064,12.92736856842987",Marche
Argentina,2021-12-23,3,"-25.083392224596569,-65.002353325912338",Salta
Hungary,2021-12-23,4,"47.491494625176827,19.074509680576291",Budapest
Uruguay,2021-12-23,5,"-31.412681035794819,-55.652519618298207","Departamento de Rivera"
Poland,2021-12-24,1,"53.214427530266732,17.15820249994789","Województwo wielkopolskie"
"South Korea",2021-12-24,2,"33.2534385,126.5625527",Jeju-do
Peru,2021-12-24,3,"-10.956636555380589,-76.315349258899374",Pasco
Switzerland,2021-12-24,4,"46.73251914308134,7.9533445288668823",Bern
Poland,2021-12-24,5,"54.351237997344363,18.649810071338329","Województwo pomorskie"
Argentina,2021-12-25,1,"-26.732057025230731,-54.873641568677883",Misiones
Botswana,2021-12-25,2,"-24.620534916317869,25.899993569691979","Gaborone City"
Israel,2021-12-25,3,"32.0857077,34.8357715","Tel Aviv District"
Kenya,2021-12-25,4,"-0.36886716740420511,35.286172765159769","Kericho County"
Argentina,2021-12-25,5,"-43.356198719504107,-65.5083823041057",Chubut
Greece,2021-12-26,1,"38.426331274773517,24.012869874878909","Central Greece"
Germany,2021-12-26,2,"53.4587321,9.9851599",Hamburg
Cambodia,2021-12-26,3,"11.06002946517593,105.5584436347286","Prey Veng Province"
Mexico,2021-12-26,4,"18.117273558503129,-92.118413066312115",Campeche
Netherlands,2021-12-26,5,"53.112001883640318,6.0818161751266366",Friesland
Portugal,2021-12-27,1,"38.7274631,-9.137944",Lisboa
Denmark,2021-12-27,2,"54.948535464817247,8.7851079894593074","Region of Southern Denmark"
Mexico,2021-12-27,3,"22.90146719835899,-98.551416001779074",Tamaulipas
Australia,2021-12-27,4,"-28.632859374786769,152.01210752318039","New South Wales"
"United Kingdom",2021-12-27,5,"57.302161124387553,-4.3275420407382139","Highland Council"
Finland,2021-12-28,1,"61.764549080687658,22.51212528118965",Satakunta
Germany,2021-12-28,2,"53.080453667920857,8.7805993064889",Bremen
Colombia,2021-12-28,3,"9.64827977566727,-73.646335582619471",Cesar
Philippines,2021-12-28,4,"13.59009782924592,123.2509249596383","Camarines Sur"
Kenya,2021-12-28,5,"0.0507988,37.6458722","Meru County"
Australia,2021-12-30,1,"-41.768032064925791,147.71292204559319",Tasmania
Lithuania,2021-12-30,2,"54.849609842809087,24.925194716063121","Vilniaus apskritis"
Poland,2021-12-30,3,"54.190593336037509,16.151232007016489","Województwo zachodniopomorskie"
Canada,2021-12-30,4,"50.468062002608221,-114.2539849434993",Alberta
"South Africa",2021-12-30,5,"-27.397131726397959,23.659252527789061","Northern Cape"
Türkiye,2021-12-31,1,"38.48473536453421,34.24760221665953",Aksaray
Denmark,2021-12-31,2,"54.916678870020583,9.6913304217221565","Region of Southern Denmark"
Slovakia,2021-12-31,3,"48.638381895839657,19.945879032745491","Banskobystrický kraj"
Latvia,2021-12-31,4,"57.197987857607693,21.440885877218061","Ventspils novads"
Argentina,2021-12-31,5,"-34.493126240401672,-60.149891488196111","Provincia de Buenos Aires"
Canada,2022-01-01,1,"48.01677365073995,-53.256115298790718","Newfoundland and Labrador"
Malaysia,2022-01-01,2,"2.8194007430237931,103.4435566893514",Pahang
"Isle of Man",2022-01-01,3,"54.363457686744859,-4.503184766255008",Jurby
Cambodia,2022-01-01,4,"11.8340737037185,105.3680366173167","Prey Veng Province"
Philippines,2022-01-01,5,"10.9119463378615,121.99323905565829",Antique
Switzerland,2022-01-02,1,"46.373291219913249,10.02977722760065",Grisons
Romania,2022-01-02,2,"47.452374928183382,23.939487463219631","Județul Maramureș"
Italy,2022-01-02,3,"45.1090028932483,7.6410570529405177",Piemonte
Japan,2022-01-02,4,"35.659008171238447,139.74569290697119",Tokyo
Argentina,2022-01-02,5,"-37.946604247924043,-58.690169386779083","Provincia de Buenos Aires"
Estonia,2022-01-03,1,"58.254580586768427,22.55489834255005","Saare maakond"
Slovakia,2022-01-03,2,"48.1463363,17.1070555","Bratislavský kraj"
Brazil,2022-01-03,3,"-23.574992969812239,-45.338776702234277","São Paulo"
Australia,2022-01-03,4,"-31.956697564043591,115.8466640470149","Western Australia"
Japan,2022-01-03,5,"34.0207951,133.5717093",Ehime
Colombia,2022-01-04,1,"8.3128752952765943,-73.634715316642811",Cesar
Portugal,2022-01-04,2,"40.001376865127277,-8.7986513909014157",Leiria
Bangladesh,2022-01-04,3,"22.327517051758559,91.810911760743139","Chittagong Division"
Mongolia,2022-01-04,4,"47.886204640861223,106.9398777321519",Ulaanbaatar
Australia,2022-01-04,5,"-20.2682265,148.7172779",Queensland
"United States",2022-01-05,1,"37.817754214330023,-122.47839455340539",California
Kenya,2022-01-05,2,"-1.1663059793648991,34.444980658558222","Migori County"
"Isle of Man",2022-01-05,3,"54.33167201432876,-4.39344880946545",Ramsey
"United States",2022-01-05,4,"47.5942171,-115.3482969",Montana
Kenya,2022-01-05,5,"-3.2203771666481109,40.119615934600262","Kilifi County"
Israel,2022-01-06,1,"29.55151396740694,34.953481533476072","South District"
Uruguay,2022-01-06,2,"-30.8969743929168,-55.55760134586982","Departamento de Rivera"
"United Kingdom",2022-01-06,3,"53.7941914,-1.5437015","West Yorkshire"
Austria,2022-01-06,4,"47.221114658832938,14.77026853514576",Steiermark
Ukraine,2022-01-06,5,"48.679750481902879,28.28695180219221","Vinnyts'ka oblast"
Bolivia,2022-01-07,1,"-17.19706107547081,-65.898528258815162","Departamento de Cochabamba"
Bulgaria,2022-01-07,2,"42.0165061855219,23.094861898383542",Blagoevgrad
"South Korea",2022-01-07,3,"37.527025306768991,127.0128466578074",Seoul
Denmark,2022-01-07,4,"56.6081781282968,8.5297645886656959","Central Denmark Region"
Ukraine,2022-01-07,5,"50.099437117505232,36.279718056599762","Kharkivs'ka oblast"
Portugal,2022-01-08,1,"41.1819221347841,-6.9860207358270188",Bragança
Netherlands,2022-01-08,2,"51.454519423527017,6.15601411867341",Limburg
Ecuador,2022-01-08,3,"-3.4785467852761092,-80.225440466595245","El Oro"
Thailand,2022-01-08,4,"18.126657471369679,103.521293292311","Bueng Kan"
Croatia,2022-01-08,5,"45.332090702382708,14.455347234126981","Primorsko-goranska županija"
"United Kingdom",2022-01-09,1,"50.4111934,-4.1297652",Plymouth
Belgium,2022-01-09,2,"51.012821048447321,2.9257070983633739",Vlaanderen
Canada,2022-01-09,3,"45.258270503308,-73.612701561955149",Québec
Mongolia,2022-01-09,4,"48.850214507175572,106.4587344739584",Selenge
Taiwan,2022-01-09,5,"25.2099635,121.6432844","New Taipei City"
Australia,2022-01-10,1,"-35.5019984,148.1517722","New South Wales"
Norway,2022-01-10,2,"69.519180188057135,18.53564248482768",Troms
Kenya,2022-01-10,3,"-0.17238583463817389,37.022403468975732","Nyeri County"
Denmark,2022-01-10,4,"55.513188960914142,9.4427563093797158","Region of Southern Denmark"
Mexico,2022-01-10,5,"24.3371622541556,-101.3967443215931",Zacatecas
Ukraine,2022-01-11,1,"49.441795622751243,24.527709673032842","Ivano-Frankivs'ka oblast"
Bangladesh,2022-01-11,2,"25.1666219,92.0954598","Sylhet Division"
Slovenia,2022-01-11,3,"45.596392,14.0873517",Sežana
Peru,2022-01-11,4,"-9.8903070933341191,-76.427677609375081",Huánuco
Slovenia,2022-01-11,5,"46.308471866917593,15.392714196244411","Slovenske Konjice"
"Isle of Man",2022-01-12,1,"54.0738499345094,-4.6553784882144589",Castletown
Italy,2022-01-12,2,"45.808784424791483,13.1629393383294","Friuli-Venezia Giulia"
Senegal,2022-01-12,3,"14.6291381,-16.2258028","Région de Diourbel"
Türkiye,2022-01-12,4,"40.381966108706607,40.405719854640658",Bayburt
Ecuador,2022-01-12,5,"0.0035219310579880391,-78.540903868226508",Pichincha
Kenya,2022-01-13,1,"-0.2041481,35.2932638","Kisumu County"
Türkiye,2022-01-13,2,"37.3815464465235,36.085641431707472",Osmaniye
Senegal,2022-01-13,3,"13.3246246,-13.3059091","Tambacounda Region"
Mexico,2022-01-13,4,"24.982107231428969,-103.73446737929341",Durango
Egypt,2022-01-13,5,"29.977729315900572,31.131662591096191","Giza Governorate"
